panel,groups,date,,date 2,cest,session,track,authors,speaker,affiliation,title,description,type,action,link,image
1,one,"Monday, 27 Sep",,,,Visualizing Uncertainty,Visualizing Uncertainty,"Georgia Panagiotidou and Andrew Vande Moere, <small>KU Leuven, Belgium</small>",Georgia Panagiotidou,"KU Leuven, Belgium",Communicating Qualitative Uncertainty in Data Visualisation,"Qualitative uncertainty originating from implicit data issues such as the circumstances of collection, its storage or even the assumptions of its authors can cloud decision-making. Nevertheless, being non-quantifiable, such uncertainty is often overlooked in visualisations. In this talk we present two case studies within the digital humanities in which we encountered and then examined how to integrate qualitative uncertainty in our visualisation designs. Using these cases as a starting point we discuss how uncertainty visualisation should be understood within its socio-technological context, propose that interaction design patterns can perhaps help design for it and call for the further development of participatory activities specifically catered for understanding qualitative uncertainties.",paper,watch the video,,
1,one,"Monday, 27 Sep",,,,,,"Aspen Hopkin and Harini Suresh, <small>MIT, USA</small>",Aspen Hopkins,"MIT, USA",Communicating Uncertainty in Machine Learning Systems,"ML systems are the product of complex sociotechnical processes, each of which introduces distinct forms of uncertainty into the final output. Communicating this uncertainty is critical for building appropriate trust, but is often achieved through simple, cumulative encodings that may obfuscate uncertainty‚Äôs underlying complexity. Our work is aimed at exploring how and what uncertainty measures should be presented to different stakeholders. Through several examples, we describe how different sources of uncertainty and different stakeholders of machine learning systems require different visual representations of uncertainty. Finally, we begin disentangling underlying dimensions of domains, models, and stakeholders that motivate this heterogeneous treatment.",paper,watch the video,,
1,one,"Monday, 27 Sep",,,,,,"Alec Barrett, <small>Parsons School of Design, USA</small>",Alec Barrett,"Parsons School of Design, USA",Visualizing ranked choice voting: a case study in civic education,"In 2021, New York City adopted Ranked Choice Voting for municipal elections. Before the June primaries, a civic education effort used various tools to explain the new ballot design and accompanying vote-counting system to the city‚Äôs diverse electorate. After the election, government and news graphics showed the results from dozens of contests encompassing hundreds of thousands of votes. This paper evaluates RCV tools from educational campaigns and news media in terms of clarity, precision, and accuracy. We identify three criteria for successful graphics and present an interactive simulator that illustrates their importance for informed voters and transparent elections.",paper,watch the video,,
2,two,"Tuesday, 28 Sep",,,,Getting Critical,Getting Critical,"derya akbaba, <small>University of Utah, USA</small><br>
Lauren Klein, <small>Emory University, USA</small><br>
Miriah Meyer, <small>University of Utah, USA</small>",derya akbaba,"University of Utah, usa",Reflections on applying feminist theory to visualization research,"Emerging work in feminist visualization is invaluable to the community: highlighting overlooked areas of work, implicating our research with ethics, and introducing important concepts from feminist literature. The value of feminist theory as a how-to guide for design principles is critical and necessary, but we believe there is more work that theory can do. Specifically, feminist theory is a lens we can use to better characterize interaction with visualizations to understand how knowledge is gained, along with generative ways to expose systems of power entangled with it. We present our process for engaging with feminist theory, preliminary results, and our speculations for future feminist visualization research.",lighting-talk,watch the video,,
2,two,"Tuesday, 28 Sep",,,,,,"Nicole Hengesbach, <small>University of Warwick, UK</small>",Nicole Hengesbach,"University of Warwick, uk","What would a critical visualisation look like? Exploring pluralism to surface
limitations in urban data","Many critiques of visualisation(s) derive from the presentation of data as static and given representations of phenomena within seamless interfaces. In this talk, I‚Äôll examine alternative representations of an urban tree data visualisation guided by the principle of pluralism. Together, these exploratory representations build a richer picture by revealing limitations and otherwise hidden qualities of these data. I‚Äôll talk about what we can learn about the data and the represented trees through this approach and suggest key considerations for critical urban data visualisation(s) that are highlighted by this work.",lighting-talk,watch the video,,
2,two,"Tuesday, 28 Sep",,,,,,"Olga Lopes, <small>Universidade Federal de Santa Catarina, Brazil</small>",Olga Lopes,"Universidade Federal de Santa Catarina, Brazil",Gaps made visible ‚Äî narrative patterns of emotional resonance in data representations of Rio de Janeiro's communities,"This research borrows from feminist critique of data science to investigate power imbalances in the representation of marginalized social groups. Using content analysis, we examine how these tensions manifest in the work of data_labe, a narrative online news outlet based on Complexo da Mar√© in Rio de Janeiro. Observing the presence of three narrative patterns connected to strategies of emotional resonance we showcase how data_labe‚Äôs production aesthetically re-signify failures of the data collection. We further discuss how this use of data visualization challenges the ideology of neutrality that permeates the mainstream discourse about the role of data representation in journalism.",lighting-talk,watch the video,,
3,two,"Tuesday, 28 Sep",,,,Reframing Maps,Reframing Maps,"Olivia Vane and Katherine McDonough, <small>British Library, UK</small>",Olivia Vane and Katherine McDonough,University of Waterloo,Maps in Time: Visualising the Historical Ordnance Survey,"A division is often made between maps and timelines. This presentation from the Living with Machines project explores combining the two, visualising a dataset of 130,000 maps from the early Ordnance Survey (OS), Britain‚Äôs national mapping agency. It was the OS who, from the early 19th century, created the first comprehensive, detailed and accurate picture of Great Britain. We show how animated data graphics can bring the story of the maps to life for a popular audience. We also visualise the data by space and time to support analysis in research.",paper,watch the video,,https://drive.google.com/file/d/12QLwK3VrQYIN41GPcUVHSE2QpuUns79b/view?usp=sharing
3,two,"Tuesday, 28 Sep",,,,,,"Andrew Richardson, <small>Northumbria University, UK</small>",Andrew Richardson,"Northumbria University, UK",A Dynamic Topography for Visualising Time and Space in Fictional Literary Texts,"This paper will address the complex problem of visualising time and space in fictional literary texts. Undertaken as part of the Chronotopic Cartographies research project, an experimental practice-led enquiry was used to generate 'temporal' topographic landscapes - interactive 3D environments which visualise the spatial and temporal relationships which emerge over the course of a narrative as a dynamic topographic terrain. The paper will present an overview of the process, outcomes and initial user feedback - in order to demonstrate the potential of this approach as a new model for visualising and analysing the spatial and temporal qualities of literary texts.",paper,watch the video,,
3,two,"Tuesday, 28 Sep",,,,,,"Jessica Thompson, <small>University of Waterloo, Canada</small>",Jessica Thompson,University of Waterloo,Noise Complaints as Sonic Warfare: An intersectional approach to listening through data,"Cities reveal themselves through sound, indicating territory, demographics, or functionality and politicizing urban space through its ability to invade the space of others and affect behaviour. How we perceive, understand and interpret sound is closely aligned with systems of power, which is particularly evident in how we define, interpret and respond to noise. This presentation examines noise complaints as an instrument of sonic warfare by examining complaints made in gentrifying areas of New York, in particular, in historically Black and Latinx neighborhoods, areas that are undergoing significant socioeconomic change, and/or are located near mainly white neighborhoods.",lighting-talk,watch the video,,
3,two,"Tuesday, 28 Sep",,,,,,"Nivia Jain, Bhavini Kapur, Gokul Gupta and Siddhant Gautam <small>National Institute of Design, India</small><br>
Kiranmayi Yenduri, <small>Cornell University, India</small>",Nivia Jain,"National Institute of Design, India",Socio-spatial structures of craft-based cities,"The study aims to understand the city network and infrastructure that assists the sustenance of a craft-based economic activity in a city. The methodology involves documenting the spatial structure of craft-based cities through the lens of task connectivity theory (assuming each task as a step in the production cycle of bangle making) using graph theory, charting each node as the centre of the task performed. The resultant connections determine the flow of goods or services between these centres. The output can assist in an insightful visual interpretation of existing socio-economic structures to shape urban policies and further be used to simulate scenarios for informed future developments.",lighting-talk,watch the video,,
4,three,"Wednesday, 29 Sep",,,,Rethinking Practice,Rethinking Practice,"Greg McInerny, <small>University of Warwick &  The Alan Turing Institute, UK</small><br>
James Tripp, <small>University of Warwick, UK </small><br>
Daniela Szabluk, <small>University of Warwick & Aiimi, UK</small>",Greg McInerny,"University of Warwick & The Alan Turing Institute, UK",How do you visualise data? Revealing the realities of visualisation workflows and design opportunities for visualisation tools.,"This talk presents demos of prototype visualisation tools, developed in response to user-research that investigated how R users, working in and around ‚Äòdata science‚Äô, visualised their data. Our semi-structured interviews and diagramming activity revealed how visualising data 1) involves frequent, interwoven learning activities to understand data, design possibilities, end-users, techniques and tools, 2) foraging for learning resources away from the visualisation itself, and 3) developing visualisations that enable learning whilst visualising data. Two of the prototypes account for these demands on visualisation practice, and the third enables future user research, but from a distance, via an automated archiving tool.",paper,watch the video,,
4,three,"Wednesday, 29 Sep",,,,,,"RJ Andrews, <small>Info We Trust</small>",RJ Andrews,"Info We Trust, USA",How to plug the big hole in digital viz,"Our love of digital viz blinds us to the one big way it limits us: digital sends us shooting at warp speed in only very particular directions. It is too expensive to do anything different with digital. And when it comes to informing, being different is how we attract and engage our audience‚Äôs attention. Before digital, data visualization presented a diverse array of information design solutions. Today, we are lucky to be able to examine these past designs in pursuit of elevating our digital craft.",paper,watch the video,,
4,three,"Wednesday, 29 Sep",,,,,,"Adina Renner, Jonas Oesch and Manuel Roth, <small>Neue Z√ºrcher Zeitung, Switzerland</small>",Adina Renner,"Neue Z√ºrcher Zeitung, Switzerland",Scrolling into the Newsroom ‚Äì Introducing and establishing scrollytelling as an interactive article format in a traditional media house using design research methods,"Scrollytelling ‚Äì a technique to animate content as a reader scrolls through an online article ‚Äì has been around since the 2010s. However, traditional media houses still struggle with integrating such interactive methods into their reporting. At the Swiss daily ‚ÄúNeue Z√ºrcher Zeitung‚Äù, we used design research methods to establish a repository that enables journalists to work with a shared vocabulary around scrollytelling. This repository describes various scrollytelling techniques, and contains a collection of tools ‚Äì self-built and from third parties ‚Äì to implement these techniques. At Info+, we present learnings from our research process and showcase the scrollytelling repository and some of the articles that have come from it.",lighting-talk,watch the video,,
4,three,"Wednesday, 29 Sep",,,,,,"Mar√≠a del Mar Navarro, <small>University of Arizona, USA</small>",Mar√≠a del Mar Navarro,"University of Arizona, USA",Pictorial statistics in Mexico | The Isotype Institute in 1930s M√©xico and the Sixteenth Century Huejotzinco Codex as an example of pre-Isotype pictorial statistics,"This presentation expands on the history of pictorial statistics in M√©xico exploring the collaboration between the Isotype Institute and the C√°rdenas administration‚Äôs education reform efforts, and introduces the Huejotzinco Codex (1531), a pictorial statistics chart presented by the Nahua people in support of a legal case to the Spanish crown.",lighting-talk,watch the video,,
5,three,"Wednesday, 29 Sep",,,,Communicating Science,Communicating Science,"Maggie Hendrie, <small>ArtCenter College of Design, USA</small><br>
Hillary Mushkin and Santiago Lombeyda, <small>California Institute of Technology, USA</small><br>
Scott Davidoff, <small>NASA Jet Propulsion Laboratory, USA</small>",Maggie Hendrie,"ArtCenter College of Design, USA",Co-Design to Drive Scientific Discovery: An Interdisciplinary Visualization Methodology Case Study,"Data visualization frequently provides audiences with novel semantic and computational presentations. How does a multifaceted team expand this scope by harnessing the power of visualization as a tool to think with?  The NASA JPL/Caltech/ ArtCenter data visualization program demonstrates how scientific knowledge, shaped from data and theory, is equally co-constructed from diverse human perspectives. 
We will share case studies from Mars Rover Path planning and PIXLISE, a visual reasoning tool for understanding planetary geology. Working from source data through mixed media artifacts, these projects demonstrate co-design methods for complex scientific domains with real-world applications. Our methodology emphasizes that all participants in the co-design process are both learners and experts. In this dynamic, the design and coding process are unique modes of critical discovery.
",lighting-talk,watch the video,,
5,three,"Wednesday, 29 Sep",,,,,,"Karen Cheng, Vassilissa Semouchkina and Yeechi Chen, <small>University of Washington, USA</small><br>
Kevin Larson, <small>Microsoft, USA</small>","Karen Cheng
","University of Washington, USA","‚ÄúIt Could be Better, But How?‚Äù Design Critique in STEM Research Labs","Can scientists improve their visual design abilities by participating in critiques? In design education, a critique is a class session where designers present their work-in-progress and receive feedback from faculty, peers, and invited critics. In this study, we show that an intervention consisting of 1) an introduction to visual principles,  2) an explanation of critique methodology,  and 3) participation in a group critique led to a significant increase in both the quantity and quality of feedback that scientists provided on a set of figures. These findings confirm that critiques are a valuable practice for scientists to integrate into research labs.",lighting-talk,watch the video,,
5,three,"Wednesday, 29 Sep",,,,,,"Jeff MacInnes, <small>Jeff MacInnes Data Visualization, USA</small>",Jeff MacInnes,"Jeff MacInnes Data Visualization, USA",Following the Science: communicating - and celebrating - the worldwide research community's effort to combat COVID-19,"The Covid-19 pandemic tossed 2020 into disarray. But while cities and countries around the globe were shutting down, scientists and researchers from nearly every country embarked on an unprecedented effort to study, understand, and contain a virus that no one had ever seen before. Visualizing that effort presents an opportunity to celebrate their achievements while also providing a behind-the-scenes glimpse of the scientific process more generally, and an appreciation for the resources that it requires. This presentation examines 90,000+ covid-related research articles, and explores how visualization can be used to promote scientific literacy and appreciation among the general public.",paper,watch the video,,
6,four,"Thursday, 30 Sep",,,,Deliberating Health,Deliberating Health,"Gabi Schaffzin, <small>York University, Canada</small>",Gabi Schaffzin,"York University, Canada",Pain and Empathy: The development and evolution of the face-based pain scale,"This presentation traces the design of the face-based pain scale, a history that must be understood through a mid-century convergence between graphic design and medicine. After a brief history of the major influences on the development of face-based scale illustrations and aesthetics, I review each of the most prominently used face-based scales in late twentieth and early twenty-first century medical care and research. I ultimately argue that the graphic pain scale is a critical category of technique and a core component of pain medicine‚Äîand thus is a core component of the ways that pain came to be understood and communicated by medical professionals and by people in pain since the late 20th century.",paper,watch the video,,
6,four,"Thursday, 30 Sep",,,,,,"Sue Walker, Josefina Bravo, Al Edwards and Julie Hart, <small>University of Reading, UK</small>",Sue Walker,"University of Reading, UK","Designing instructions for COVID-19 self-tests: how do people use static and video instructions, and what parts of the test are the most difficult to get right?","COVID-19 has seen an explosion of information about how to carry out tests to check for the presence of virus or antibodies. With self-administered rapid tests, patients collect their sample, process it, and get their results within the hour. For testing to be effective, the quality of instructions is as important as technical accuracy. This cross-disciplinary project addresses issues that influence the reliability of COVID-19 lateral flow tests operated by lay people. We will share findings about how to address these issues through visual communication and consider broader implications for the future of point-of-care testing.",paper,watch the video,,
6,four,"Thursday, 30 Sep",,,,,,"Will Stahl-Timmins, <small>The BMJ, UK</small>",Will Stahl-Timmins,"The BMJ, UK",Visualising covid-19 transmission routes,"As the covid-19 pandemic progressed, there were confusing and conflicting messages about how to reduce transmission. Should we wash our hands? Wear a mask, and/or a visor? What if we were outside? Talking loudly? Singing? 
We wanted to make an interactive visual tool that would give people immediate feedback on the impact of protective measures they can take. However, we faced several challenges.
This talk will explain how we dealt with lack of evidence, presenting uncertainty, and managing the relationship between designers, researchers, and journal editors. We describe a new working model that will be explored further in future.
",lighting-talk,watch the video,,
6,four,"Thursday, 30 Sep",,,,,,"Bree McMahon, <small>University of Arkansas, USA</small>",Bree McMahon,"University of Arkansas, USA",The NWA Birth Collective ‚Äî Using Data and Design to Untangle the Complexities of Maternal Care,"In the United States, the rate of maternal mortality has increased by more than 15% since 2019, according to the Center for Disease Control. Organizations and advocacy groups across the country are working to address this urgent crisis. In Arkansas, the maternal death rate is the fourth highest in the nation. Studies show that alternative birthing options (such as doulas, midwifery, and birth centers) lower the risk of tragic outcomes, but are not equally accessible or well known. Design has the potential to untangle the complexities of birth, and dismantle oppressive systems. Alongside a group of birth workers, we formed the Northwest Arkansas Birth Collective, a non-profit organization investing resources into supporting local birthing persons. This work includes parsing through scattered and complicated data, and reinterpreting it for the public. In doing this, we hope to rally support, disseminate resources and generate conversations with local legislators and hospital administrators.",lighting-talk,watch the video,,
7,four,"Thursday, 30 Sep",,,,,,"Matthew Brehmer, <small>Tableau Research, USA</small>",Matthew Brehmer,"Tableau Research, USA",The Information in Our Hands,"üëâ What do people do with their hands when presenting visual representations of data to an audience? Motivated in part by the frustrating absence of nonverbal cues in presentations delivered via video conferencing applications, and in part by the increasing incorporation of interactive and dynamic data visualization in televised newscasts, the aim of this talk will be to reaffirm the importance of gesture when speaking about data. It will also aim to inspire the development of new presentation tools that promote the presence of a human presenter, such as by recognizing natural yet deliberate gestures for revealing and highlighting information.",lighting-talk,watch the video,,
7,four,"Thursday, 30 Sep",,,,,,"Lins Derry, <small>Harvard University, USA</small><br>
Douglas Duhaime, <small>Yale University, USA</small><br>
Jordan Kruguer, Christopher Pietsch, Dario Rodighiero and Jeffrey Schnapp, <small>Harvard University, USA</small>",Lins Derry,"Harvard University, USA",Surprise Machines,"Surprise Machines is a visual investigation that will take the form of a digital installation at the Harvard Art Museums in Spring 2022. The project sets out to visualize and curate the entire universe of the museums‚Äô collections, with the aim of opening up unexpected vistas on the more than 200,000 objects that make them up. To accomplish these surprise encounters, ‚Äúblack box‚Äù algorithms are curatorially employed to shape the visualizations, and a ‚Äúchoreographic interface‚Äù has been designed to connect the audience‚Äôs movement with several unique views of the objects.",lighting-talk,watch the video,,
7,four,"Thursday, 30 Sep",,,,Getting Physical,Getting Physical,"Samuel Huron, <small>Telecom Paris, Institut Polytechnique de Paris, France</small><br>
Till Nagel, <small>Mannheim University of Applied Sciences, Germany</small><br>
Lora Oehlberg and Wesley Willett, <small>University of Calgary, Canada</small>",Samuel Huron,"Telecom Paris, Institut Polytechnique de Paris, France",Making with Data,"While digital technologies have revolutionized how we represent data visually, humans continue the thousand-year tradition of creating physical representations. These physicalizations are experiencing a dramatic renaissance, fueled by a growing enthusiasm for all things data and driven by new fabrication technologies, materials, and processes. 
 
To highlight the diversity of approaches, we present five themes that capture how people are ‚Äúmaking with data‚Äù. We showcase several first-hand accounts of artists, designers, and scientists creating rich and exciting art pieces, projects, and installations that bring data into the physical world.
     
",lighting-talk,watch the video,,